Workbook

Sheet Apartments
A1: رقم الشقة | B1: الاسم | C1: الموبايل (بصيغة 201012345678) | D1: الرقم السري
A2: 1 | B2: مثال: أحمد | C2: 201012345678 | D2: 4829

Sheet Items
A1: كود | B1: الوصف | C1: التاريخ | D1: المبلغ لكل شقة | E1: النوع (مشروع / صندوق) | F1: تاريخ الاستحقاق
A2: P1 | B2: مثال: إصلاح الأسانسير | C2: 46313 | D2: 500 | E2: مشروع | F2: 46326
A3: M-2026-10 | B3: اشتراك الصندوق - أكتوبر | C3: 46296 | D3: 50 | E3: صندوق | F3: 46305

Sheet Payments
A1: التاريخ | B1: رقم الشقة | C1: كود البند | D1: المبلغ | E1: النوع (تلقائي)
A2: 46314 | B2: 1 | C2: P1 | D2: 500 | E2: =IFERROR(VLOOKUP(C2,Items!A:E,5,0),"")
E3: =IFERROR(VLOOKUP(C3,Items!A:E,5,0),"")
E4: =IFERROR(VLOOKUP(C4,Items!A:E,5,0),"")
E5: =IFERROR(VLOOKUP(C5,Items!A:E,5,0),"")
E6: =IFERROR(VLOOKUP(C6,Items!A:E,5,0),"")
E7: =IFERROR(VLOOKUP(C7,Items!A:E,5,0),"")
E8: =IFERROR(VLOOKUP(C8,Items!A:E,5,0),"")
E9: =IFERROR(VLOOKUP(C9,Items!A:E,5,0),"")
E10: =IFERROR(VLOOKUP(C10,Items!A:E,5,0),"")
E11: =IFERROR(VLOOKUP(C11,Items!A:E,5,0),"")
E12: =IFERROR(VLOOKUP(C12,Items!A:E,5,0),"")
E13: =IFERROR(VLOOKUP(C13,Items!A:E,5,0),"")
E14: =IFERROR(VLOOKUP(C14,Items!A:E,5,0),"")
... E999: =IFERROR(VLOOKUP(C999,Items!A:E,5,0),"")

Sheet Expenses
A1: التاريخ | B1: الوصف | C1: المبلغ | D1: التفاصيل (تظهر للسكان لو إظهار تفاصيل المصروفات = نعم) | E1: رابط الفاتورة (خاص بك)
A2: 46305 | B2: مثال: تصليح طلمبة | C2: 300 | D2: تغيير الموتور القديم، الفني: ...

Sheet Summary
A1: رقم الشقة | B1: المطلوب | C1: المدفوع | D1: المتبقي | E1: الحالة | F1: تنبيه واتساب | H1: رصيد صندوق الصيانة | J1: رابط الصفحة
A2: =IF(Apartments!A2="","",Apartments!A2) | B2: =IF(A2="","",SUMPRODUCT((Items!$A$2:$A$500<>"")*(SUMIFS(Payments!$D$2:$D$5000,Payments!$B$2:$B$5000,$A2,Payments!$C$2:$C$5000,Items!$A$2:$A$500)<Items!$D$2:$D$500)*Items!$D$2:$D$500)) | C2: =IF(A2="","",B2-D2) | D2: =IF(A2="","",SUMPRODUCT((Items!$A$2:$A$500<>"")*(SUMIFS(Payments!$D$2:$D$5000,Payments!$B$2:$B$5000,$A2,Payments!$C$2:$C$5000,Items!$A$2:$A$500)<Items!$D$2:$D$500)*(Items!$D$2:$D$500-SUMIFS(Payments!$D$2:$D$5000,Payments!$B$2:$B$5000,$A2,Payments!$C$2:$C$5000,Items!$A$2:$A$500)))) | E2: =IF(A2="","",IF(D2<=0,"مدفوع ✅","عليه "&D2)) | F2: =IF(A2="","",IF(D2>0,HYPERLINK("https://wa.me/"&Apartments!C2&"?text="&_xlfn.ENCODEURL("السلام عليكم، شقة "&A2&". نشكر لكم مساهمتكم في صندوق عمارة 220 حي القرنفل، فهي استثمار في راحة الجميع وسلامة المبنى. يتبقى من إسهامكم "&D2&" جنيه، ويسعدنا متابعتكم للتفاصيل والمساهمة عبر: "&$J$2),"ارسل تنبيه"),"")) | H2: =SUMIF(Payments!E:E,"صندوق",Payments!D:D)-SUM(Expenses!C:C) | J2: https://example.github.io/building/
A3: =IF(Apartments!A3="","",Apartments!A3) | B3: =IF(A3="","",SUMPRODUCT((Items!$A$2:$A$500<>"")*(SUMIFS(Payments!$D$2:$D$5000,Payments!$B$2:$B$5000,$A3,Payments!$C$2:$C$5000,Items!$A$2:$A$500)<Items!$D$2:$D$500)*Items!$D$2:$D$500)) | C3: =IF(A3="","",B3-D3) | D3: =IF(A3="","",SUMPRODUCT((Items!$A$2:$A$500<>"")*(SUMIFS(Payments!$D$2:$D$5000,Payments!$B$2:$B$5000,$A3,Payments!$C$2:$C$5000,Items!$A$2:$A$500)<Items!$D$2:$D$500)*(Items!$D$2:$D$500-SUMIFS(Payments!$D$2:$D$5000,Payments!$B$2:$B$5000,$A3,Payments!$C$2:$C$5000,Items!$A$2:$A$500)))) | E3: =IF(A3="","",IF(D3<=0,"مدفوع ✅","عليه "&D3)) | F3: =IF(A3="","",IF(D3>0,HYPERLINK("https://wa.me/"&Apartments!C3&"?text="&_xlfn.ENCODEURL("السلام عليكم، شقة "&A3&". نشكر لكم مساهمتكم في صندوق عمارة 220 حي القرنفل، فهي استثمار في راحة الجميع وسلامة المبنى. يتبقى من إسهامكم "&D3&" جنيه، ويسعدنا متابعتكم للتفاصيل والمساهمة عبر: "&$J$2),"ارسل تنبيه"),""))
A4: =IF(Apartments!A4="","",Apartments!A4) | B4: =IF(A4="","",SUMPRODUCT((Items!$A$2:$A$500<>"")*(SUMIFS(Payments!$D$2:$D$5000,Payments!$B$2:$B$5000,$A4,Payments!$C$2:$C$5000,Items!$A$2:$A$500)<Items!$D$2:$D$500)*Items!$D$2:$D$500)) | C4: =IF(A4="","",B4-D4) | D4: =IF(A4="","",SUMPRODUCT((Items!$A$2:$A$500<>"")*(SUMIFS(Payments!$D$2:$D$5000,Payments!$B$2:$B$5000,$A4,Payments!$C$2:$C$5000,Items!$A$2:$A$500)<Items!$D$2:$D$500)*(Items!$D$2:$D$500-SUMIFS(Payments!$D$2:$D$5000,Payments!$B$2:$B$5000,$A4,Payments!$C$2:$C$5000,Items!$A$2:$A$500)))) | E4: =IF(A4="","",IF(D4<=0,"مدفوع ✅","عليه "&D4)) | F4: =IF(A4="","",IF(D4>0,HYPERLINK("https://wa.me/"&Apartments!C4&"?text="&_xlfn.ENCODEURL("السلام عليكم، شقة "&A4&". نشكر لكم مساهمتكم في صندوق عمارة 220 حي القرنفل، فهي استثمار في راحة الجميع وسلامة المبنى. يتبقى من إسهامكم "&D4&" جنيه، ويسعدنا متابعتكم للتفاصيل والمساهمة عبر: "&$J$2),"ارسل تنبيه"),""))
A5: =IF(Apartments!A5="","",Apartments!A5) | B5: =IF(A5="","",SUMPRODUCT((Items!$A$2:$A$500<>"")*(SUMIFS(Payments!$D$2:$D$5000,Payments!$B$2:$B$5000,$A5,Payments!$C$2:$C$5000,Items!$A$2:$A$500)<Items!$D$2:$D$500)*Items!$D$2:$D$500)) | C5: =IF(A5="","",B5-D5) | D5: =IF(A5="","",SUMPRODUCT((Items!$A$2:$A$500<>"")*(SUMIFS(Payments!$D$2:$D$5000,Payments!$B$2:$B$5000,$A5,Payments!$C$2:$C$5000,Items!$A$2:$A$500)<Items!$D$2:$D$500)*(Items!$D$2:$D$500-SUMIFS(Payments!$D$2:$D$5000,Payments!$B$2:$B$5000,$A5,Payments!$C$2:$C$5000,Items!$A$2:$A$500)))) | E5: =IF(A5="","",IF(D5<=0,"مدفوع ✅","عليه "&D5)) | F5: =IF(A5="","",IF(D5>0,HYPERLINK("https://wa.me/"&Apartments!C5&"?text="&_xlfn.ENCODEURL("السلام عليكم، شقة "&A5&". نشكر لكم مساهمتكم في صندوق عمارة 220 حي القرنفل، فهي استثمار في راحة الجميع وسلامة المبنى. يتبقى من إسهامكم "&D5&" جنيه، ويسعدنا متابعتكم للتفاصيل والمساهمة عبر: "&$J$2),"ارسل تنبيه"),""))
A6: =IF(Apartments!A6="","",Apartments!A6) | B6: =IF(A6="","",SUMPRODUCT((Items!$A$2:$A$500<>"")*(SUMIFS(Payments!$D$2:$D$5000,Payments!$B$2:$B$5000,$A6,Payments!$C$2:$C$5000,Items!$A$2:$A$500)<Items!$D$2:$D$500)*Items!$D$2:$D$500)) | C6: =IF(A6="","",B6-D6) | D6: =IF(A6="","",SUMPRODUCT((Items!$A$2:$A$500<>"")*(SUMIFS(Payments!$D$2:$D$5000,Payments!$B$2:$B$5000,$A6,Payments!$C$2:$C$5000,Items!$A$2:$A$500)<Items!$D$2:$D$500)*(Items!$D$2:$D$500-SUMIFS(Payments!$D$2:$D$5000,Payments!$B$2:$B$5000,$A6,Payments!$C$2:$C$5000,Items!$A$2:$A$500)))) | E6: =IF(A6="","",IF(D6<=0,"مدفوع ✅","عليه "&D6)) | F6: =IF(A6="","",IF(D6>0,HYPERLINK("https://wa.me/"&Apartments!C6&"?text="&_xlfn.ENCODEURL("السلام عليكم، شقة "&A6&". نشكر لكم مساهمتكم في صندوق عمارة 220 حي القرنفل، فهي استثمار في راحة الجميع وسلامة المبنى. يتبقى من إسهامكم "&D6&" جنيه، ويسعدنا متابعتكم للتفاصيل والمساهمة عبر: "&$J$2),"ارسل تنبيه"),""))
A7: =IF(Apartments!A7="","",Apartments!A7) | B7: =IF(A7="","",SUMPRODUCT((Items!$A$2:$A$500<>"")*(SUMIFS(Payments!$D$2:$D$5000,Payments!$B$2:$B$5000,$A7,Payments!$C$2:$C$5000,Items!$A$2:$A$500)<Items!$D$2:$D$500)*Items!$D$2:$D$500)) | C7: =IF(A7="","",B7-D7) | D7: =IF(A7="","",SUMPRODUCT((Items!$A$2:$A$500<>"")*(SUMIFS(Payments!$D$2:$D$5000,Payments!$B$2:$B$5000,$A7,Payments!$C$2:$C$5000,Items!$A$2:$A$500)<Items!$D$2:$D$500)*(Items!$D$2:$D$500-SUMIFS(Payments!$D$2:$D$5000,Payments!$B$2:$B$5000,$A7,Payments!$C$2:$C$5000,Items!$A$2:$A$500)))) | E7: =IF(A7="","",IF(D7<=0,"مدفوع ✅","عليه "&D7)) | F7: =IF(A7="","",IF(D7>0,HYPERLINK("https://wa.me/"&Apartments!C7&"?text="&_xlfn.ENCODEURL("السلام عليكم، شقة "&A7&". نشكر لكم مساهمتكم في صندوق عمارة 220 حي القرنفل، فهي استثمار في راحة الجميع وسلامة المبنى. يتبقى من إسهامكم "&D7&" جنيه، ويسعدنا متابعتكم للتفاصيل والمساهمة عبر: "&$J$2),"ارسل تنبيه"),""))
A8: =IF(Apartments!A8="","",Apartments!A8) | B8: =IF(A8="","",SUMPRODUCT((Items!$A$2:$A$500<>"")*(SUMIFS(Payments!$D$2:$D$5000,Payments!$B$2:$B$5000,$A8,Payments!$C$2:$C$5000,Items!$A$2:$A$500)<Items!$D$2:$D$500)*Items!$D$2:$D$500)) | C8: =IF(A8="","",B8-D8) | D8: =IF(A8="","",SUMPRODUCT((Items!$A$2:$A$500<>"")*(SUMIFS(Payments!$D$2:$D$5000,Payments!$B$2:$B$5000,$A8,Payments!$C$2:$C$5000,Items!$A$2:$A$500)<Items!$D$2:$D$500)*(Items!$D$2:$D$500-SUMIFS(Payments!$D$2:$D$5000,Payments!$B$2:$B$5000,$A8,Payments!$C$2:$C$5000,Items!$A$2:$A$500)))) | E8: =IF(A8="","",IF(D8<=0,"مدفوع ✅","عليه "&D8)) | F8: =IF(A8="","",IF(D8>0,HYPERLINK("https://wa.me/"&Apartments!C8&"?text="&_xlfn.ENCODEURL("السلام عليكم، شقة "&A8&". نشكر لكم مساهمتكم في صندوق عمارة 220 حي القرنفل، فهي استثمار في راحة الجميع وسلامة المبنى. يتبقى من إسهامكم "&D8&" جنيه، ويسعدنا متابعتكم للتفاصيل والمساهمة عبر: "&$J$2),"ارسل تنبيه"),""))
A9: =IF(Apartments!A9="","",Apartments!A9) | B9: =IF(A9="","",SUMPRODUCT((Items!$A$2:$A$500<>"")*(SUMIFS(Payments!$D$2:$D$5000,Payments!$B$2:$B$5000,$A9,Payments!$C$2:$C$5000,Items!$A$2:$A$500)<Items!$D$2:$D$500)*Items!$D$2:$D$500)) | C9: =IF(A9="","",B9-D9) | D9: =IF(A9="","",SUMPRODUCT((Items!$A$2:$A$500<>"")*(SUMIFS(Payments!$D$2:$D$5000,Payments!$B$2:$B$5000,$A9,Payments!$C$2:$C$5000,Items!$A$2:$A$500)<Items!$D$2:$D$500)*(Items!$D$2:$D$500-SUMIFS(Payments!$D$2:$D$5000,Payments!$B$2:$B$5000,$A9,Payments!$C$2:$C$5000,Items!$A$2:$A$500)))) | E9: =IF(A9="","",IF(D9<=0,"مدفوع ✅","عليه "&D9)) | F9: =IF(A9="","",IF(D9>0,HYPERLINK("https://wa.me/"&Apartments!C9&"?text="&_xlfn.ENCODEURL("السلام عليكم، شقة "&A9&". نشكر لكم مساهمتكم في صندوق عمارة 220 حي القرنفل، فهي استثمار في راحة الجميع وسلامة المبنى. يتبقى من إسهامكم "&D9&" جنيه، ويسعدنا متابعتكم للتفاصيل والمساهمة عبر: "&$J$2),"ارسل تنبيه"),""))
A10: =IF(Apartments!A10="","",Apartments!A10) | B10: =IF(A10="","",SUMPRODUCT((Items!$A$2:$A$500<>"")*(SUMIFS(Payments!$D$2:$D$5000,Payments!$B$2:$B$5000,$A10,Payments!$C$2:$C$5000,Items!$A$2:$A$500)<Items!$D$2:$D$500)*Items!$D$2:$D$500)) | C10: =IF(A10="","",B10-D10) | D10: =IF(A10="","",SUMPRODUCT((Items!$A$2:$A$500<>"")*(SUMIFS(Payments!$D$2:$D$5000,Payments!$B$2:$B$5000,$A10,Payments!$C$2:$C$5000,Items!$A$2:$A$500)<Items!$D$2:$D$500)*(Items!$D$2:$D$500-SUMIFS(Payments!$D$2:$D$5000,Payments!$B$2:$B$5000,$A10,Payments!$C$2:$C$5000,Items!$A$2:$A$500)))) | E10: =IF(A10="","",IF(D10<=0,"مدفوع ✅","عليه "&D10)) | F10: =IF(A10="","",IF(D10>0,HYPERLINK("https://wa.me/"&Apartments!C10&"?text="&_xlfn.ENCODEURL("السلام عليكم، شقة "&A10&". نشكر لكم مساهمتكم في صندوق عمارة 220 حي القرنفل، فهي استثمار في راحة الجميع وسلامة المبنى. يتبقى من إسهامكم "&D10&" جنيه، ويسعدنا متابعتكم للتفاصيل والمساهمة عبر: "&$J$2),"ارسل تنبيه"),""))
A11: =IF(Apartments!A11="","",Apartments!A11) | B11: =IF(A11="","",SUMPRODUCT((Items!$A$2:$A$500<>"")*(SUMIFS(Payments!$D$2:$D$5000,Payments!$B$2:$B$5000,$A11,Payments!$C$2:$C$5000,Items!$A$2:$A$500)<Items!$D$2:$D$500)*Items!$D$2:$D$500)) | C11: =IF(A11="","",B11-D11) | D11: =IF(A11="","",SUMPRODUCT((Items!$A$2:$A$500<>"")*(SUMIFS(Payments!$D$2:$D$5000,Payments!$B$2:$B$5000,$A11,Payments!$C$2:$C$5000,Items!$A$2:$A$500)<Items!$D$2:$D$500)*(Items!$D$2:$D$500-SUMIFS(Payments!$D$2:$D$5000,Payments!$B$2:$B$5000,$A11,Payments!$C$2:$C$5000,Items!$A$2:$A$500)))) | E11: =IF(A11="","",IF(D11<=0,"مدفوع ✅","عليه "&D11)) | F11: =IF(A11="","",IF(D11>0,HYPERLINK("https://wa.me/"&Apartments!C11&"?text="&_xlfn.ENCODEURL("السلام عليكم، شقة "&A11&". نشكر لكم مساهمتكم في صندوق عمارة 220 حي القرنفل، فهي استثمار في راحة الجميع وسلامة المبنى. يتبقى من إسهامكم "&D11&" جنيه، ويسعدنا متابعتكم للتفاصيل والمساهمة عبر: "&$J$2),"ارسل تنبيه"),""))
A12: =IF(Apartments!A12="","",Apartments!A12) | B12: =IF(A12="","",SUMPRODUCT((Items!$A$2:$A$500<>"")*(SUMIFS(Payments!$D$2:$D$5000,Payments!$B$2:$B$5000,$A12,Payments!$C$2:$C$5000,Items!$A$2:$A$500)<Items!$D$2:$D$500)*Items!$D$2:$D$500)) | C12: =IF(A12="","",B12-D12) | D12: =IF(A12="","",SUMPRODUCT((Items!$A$2:$A$500<>"")*(SUMIFS(Payments!$D$2:$D$5000,Payments!$B$2:$B$5000,$A12,Payments!$C$2:$C$5000,Items!$A$2:$A$500)<Items!$D$2:$D$500)*(Items!$D$2:$D$500-SUMIFS(Payments!$D$2:$D$5000,Payments!$B$2:$B$5000,$A12,Payments!$C$2:$C$5000,Items!$A$2:$A$500)))) | E12: =IF(A12="","",IF(D12<=0,"مدفوع ✅","عليه "&D12)) | F12: =IF(A12="","",IF(D12>0,HYPERLINK("https://wa.me/"&Apartments!C12&"?text="&_xlfn.ENCODEURL("السلام عليكم، شقة "&A12&". نشكر لكم مساهمتكم في صندوق عمارة 220 حي القرنفل، فهي استثمار في راحة الجميع وسلامة المبنى. يتبقى من إسهامكم "&D12&" جنيه، ويسعدنا متابعتكم للتفاصيل والمساهمة عبر: "&$J$2),"ارسل تنبيه"),""))
A13: =IF(Apartments!A13="","",Apartments!A13) | B13: =IF(A13="","",SUMPRODUCT((Items!$A$2:$A$500<>"")*(SUMIFS(Payments!$D$2:$D$5000,Payments!$B$2:$B$5000,$A13,Payments!$C$2:$C$5000,Items!$A$2:$A$500)<Items!$D$2:$D$500)*Items!$D$2:$D$500)) | C13: =IF(A13="","",B13-D13) | D13: =IF(A13="","",SUMPRODUCT((Items!$A$2:$A$500<>"")*(SUMIFS(Payments!$D$2:$D$5000,Payments!$B$2:$B$5000,$A13,Payments!$C$2:$C$5000,Items!$A$2:$A$500)<Items!$D$2:$D$500)*(Items!$D$2:$D$500-SUMIFS(Payments!$D$2:$D$5000,Payments!$B$2:$B$5000,$A13,Payments!$C$2:$C$5000,Items!$A$2:$A$500)))) | E13: =IF(A13="","",IF(D13<=0,"مدفوع ✅","عليه "&D13)) | F13: =IF(A13="","",IF(D13>0,HYPERLINK("https://wa.me/"&Apartments!C13&"?text="&_xlfn.ENCODEURL("السلام عليكم، شقة "&A13&". نشكر لكم مساهمتكم في صندوق عمارة 220 حي القرنفل، فهي استثمار في راحة الجميع وسلامة المبنى. يتبقى من إسهامكم "&D13&" جنيه، ويسعدنا متابعتكم للتفاصيل والمساهمة عبر: "&$J$2),"ارسل تنبيه"),""))
A14: =IF(Apartments!A14="","",Apartments!A14) | B14: =IF(A14="","",SUMPRODUCT((Items!$A$2:$A$500<>"")*(SUMIFS(Payments!$D$2:$D$5000,Payments!$B$2:$B$5000,$A14,Payments!$C$2:$C$5000,Items!$A$2:$A$500)<Items!$D$2:$D$500)*Items!$D$2:$D$500)) | C14: =IF(A14="","",B14-D14) | D14: =IF(A14="","",SUMPRODUCT((Items!$A$2:$A$500<>"")*(SUMIFS(Payments!$D$2:$D$5000,Payments!$B$2:$B$5000,$A14,Payments!$C$2:$C$5000,Items!$A$2:$A$500)<Items!$D$2:$D$500)*(Items!$D$2:$D$500-SUMIFS(Payments!$D$2:$D$5000,Payments!$B$2:$B$5000,$A14,Payments!$C$2:$C$5000,Items!$A$2:$A$500)))) | E14: =IF(A14="","",IF(D14<=0,"مدفوع ✅","عليه "&D14)) | F14: =IF(A14="","",IF(D14>0,HYPERLINK("https://wa.me/"&Apartments!C14&"?text="&_xlfn.ENCODEURL("السلام عليكم، شقة "&A14&". نشكر لكم مساهمتكم في صندوق عمارة 220 حي القرنفل، فهي استثمار في راحة الجميع وسلامة المبنى. يتبقى من إسهامكم "&D14&" جنيه، ويسعدنا متابعتكم للتفاصيل والمساهمة عبر: "&$J$2),"ارسل تنبيه"),""))
... A31: =IF(Apartments!A31="","",Apartments!A31) | B31: =IF(A31="","",SUMPRODUCT((Items!$A$2:$A$500<>"")*(SUMIFS(Payments!$D$2:$D$5000,Payments!$B$2:$B$5000,$A31,Payments!$C$2:$C$5000,Items!$A$2:$A$500)<Items!$D$2:$D$500)*Items!$D$2:$D$500)) | C31: =IF(A31="","",B31-D31) | D31: =IF(A31="","",SUMPRODUCT((Items!$A$2:$A$500<>"")*(SUMIFS(Payments!$D$2:$D$5000,Payments!$B$2:$B$5000,$A31,Payments!$C$2:$C$5000,Items!$A$2:$A$500)<Items!$D$2:$D$500)*(Items!$D$2:$D$500-SUMIFS(Payments!$D$2:$D$5000,Payments!$B$2:$B$5000,$A31,Payments!$C$2:$C$5000,Items!$A$2:$A$500)))) | E31: =IF(A31="","",IF(D31<=0,"مدفوع ✅","عليه "&D31)) | F31: =IF(A31="","",IF(D31>0,HYPERLINK("https://wa.me/"&Apartments!C31&"?text="&_xlfn.ENCODEURL("السلام عليكم، شقة "&A31&". نشكر لكم مساهمتكم في صندوق عمارة 220 حي القرنفل، فهي استثمار في راحة الجميع وسلامة المبنى. يتبقى من إسهامكم "&D31&" جنيه، ويسعدنا متابعتكم للتفاصيل والمساهمة عبر: "&$J$2),"ارسل تنبيه"),""))

Sheet Settings
A1: الإعداد (لا تغيّر الاسم) | B1: القيمة | C1: ملاحظة
A2: اسم أمين الصندوق | B2: أمين الصندوق | C2: يظهر للسكان
A3: موبايل أمين الصندوق | B3: 201000000000 | C3: بصيغة دولية بدون + (لزر "دفعت")
A4: بيانات الدفع | B4: أو نقداً لأمين الصندوق | C4: ملاحظة اختيارية تظهر تحت وسائل الدفع (بدون زر نسخ)
A5: إعلان أعلى الصفحة | C5: اتركه فاضي لإخفائه
A6: إيميل التقارير | C6: فاضي = إيميل حسابك
A7: إظهار رصيد الصندوق | B7: لا | C7: اختر نعم أو لا
A8: إظهار تفاصيل المصروفات | B8: لا | C8: تفاصيل بدون فواتير. اختر نعم أو لا
A9: رابط مجلد الإيصالات | C9: يتعبأ تلقائياً بعد installTrigger
A10: رابط مجلد الفواتير | C10: يتعبأ تلقائياً (للاحتفاظ بها، غير مشارك)
A11: نوع وسيلة الدفع 1 | B11: إنستا باي | C11: اختر النوع (أو اتركه فاضي)
A12: رقم وسيلة الدفع 1 | B12: example@instapay | C12: الرقم أو العنوان فقط (هو اللي يتنسخ). فاضي = تختفي البطاقة
A13: نوع وسيلة الدفع 2 | B13: محفظة إلكترونية | C13: اختر النوع (أو اتركه فاضي)
A14: رقم وسيلة الدفع 2 | B14: 01000000000 | C14: الرقم فقط. فاضي = تختفي البطاقة
A15: اسم مسؤول الصيانة | C15: اسمه يظهر له في الصفحة (اختياري)
A16: رمز مسؤول الصيانة | C16: 6 خانات على الأقل (أرقام أو حروف إنجليزية). فاضي أو أقصر = صفحة الصيانة مقفولة
A17: رمز الإدارة | C17: رمز دخول لوحة أمين الصندوق (admin.html): 8 خانات على الأقل (أرقام أو حروف إنجليزية). فاضي أو أقصر = اللوحة مقفولة
A18: إظهار تحصيل المشروع | B18: لا | C18: نعم = يرى السكان ما تم تحصيله من المشروع المفتوح (يمكن تغييره من لوحة الإدارة)
A19: إظهار جملة اليوم | B19: لا | C19: نعم = تظهر جملة يومية في صفحة الساكن (يمكن تغييره من لوحة الإدارة)

Sheet Claims
A1: التاريخ | B1: الشقة | C1: كود البند | D1: المبلغ | E1: الحالة (قيد المراجعة / تم التأكيد / مرفوض) | F1: رابط الإيصال | G1: تاريخ التسجيل في Payments | H1: ملاحظة الرفض (اختياري) | I1: معرّف (لا تغيّره)

Sheet Tasks
A1: تاريخ الإضافة | B1: المهمة | C1: تفاصيل (اختياري) | D1: الموعد | E1: الحالة (جديدة / جارية / منتهية / ملغاة) | F1: التكلفة | G1: ملاحظة المسؤول | H1: روابط الصور/الفواتير | I1: آخر تحديث | J1: معرّف (لا تغيّره)

Sheet AccessLog
A1: الوقت | B1: الشقة | C1: النتيجة (نجح / رقم سري خاطئ / شقة غير موجودة / مقفول) | D1: معرّف الجهاز | E1: العملية

Sheet Guide
A1: دليل سريع
A2: الخانات الزرقاء = إدخال يدوي. الأسود = معادلات لا تُعدّل.
A3: الصفوف المكتوب فيها "مثال" استبدلها ببياناتك.
A4: Apartments: بيانات الشقق + الرقم السري (4 أرقام عشوائية لكل شقة).
A5: Items: كل مصروف أو اشتراك شهري (سطر لكل بند) + المبلغ لكل شقة + النوع + تاريخ الاستحقاق.
A6: Payments: كل دفعة سطر (التاريخ، الشقة، كود البند، المبلغ). الكود لازم يطابق Items تماماً.
A7: Expenses: مصروفات الصيانة من الصندوق.
A8: Summary: تلقائي. الأحمر = متأخر، الأخضر = مدفوع. في J2 ضع رابط صفحة السكان.
A9: Claims: لما ساكن يرفع إيصال يظهر هنا بحالة قيد المراجعة. راجع الصورة (عمود F) وعدّل المبلغ (D) لو لزم، ثم غيّر الحالة (E) إلى تم التأكيد فتُسجَّل الدفعة تلقائياً في Payments (أو مرفوض).
A10: AccessLog: تلقائي. سجل كل محاولة دخول. لو نفس الجهاز جرّب أكثر من شقة يوصلك إيميل.
A11: Expenses: العمود D تفاصيل تظهر للسكان لو إظهار تفاصيل المصروفات = نعم، والعمود E رابط الفاتورة في Drive (خاص بك).
A12: Settings: بيانات أمين الصندوق وطريقة الدفع والإعلان، وإظهار رصيد الصندوق / إظهار تفاصيل المصروفات (قايمة نعم / لا). كل الأسماء بالعربي.
... A14: الافتراض: كل الشقق عليها نفس المبلغ لكل بند.
